Id,IsDeleted,AccountId,IsPrivate,Name,Description,StageName,Amount,Probability,ExpectedRevenue,TotalOpportunityQuantity,CloseDate,Type,NextStep,LeadSource,IsClosed,IsWon,ForecastCategory,ForecastCategoryName,CampaignId,HasOpportunityLineItem,Pricebook2Id,OwnerId,CreatedDate,CreatedById,LastModifiedDate,LastModifiedById,SystemModstamp,LastActivityDate,FiscalQuarter,FiscalYear,Fiscal,LastViewedDate,LastReferencedDate,HasOpenActivity,HasOverdueTask
0067200000FpxF8AAJ,,0017200000biNYhAAM,,新規案件 - 日本マクトロン株式会社,,Prospecting,71052,10,7105.200000000001,,2022-12-30,,,,,,Pipeline,Pipeline,,,,00572000008d2X9AAI,2025-04-17T02:07:30.000+0000,00572000008d2X9AAI,2025-04-17T02:20:56.000+0000,00572000008d2X9AAI,2025-04-17T02:20:56.000+0000,,4,2022,2022 4,2025-04-17T02:20:56.000+0000,2025-04-17T02:20:56.000+0000,,
0067200000FpxF9AAJ,,0017200000biNYiAAM,,見込案件 - 株式会社マリモト,,Prospecting,40674,10,4067.4,,2022-09-21,,,,,,Pipeline,Pipeline,,,,00572000008d2X9AAI,2025-04-17T02:07:30.000+0000,00572000008d2X9AAI,2025-04-17T02:20:56.000+0000,00572000008d2X9AAI,2025-04-17T02:20:56.000+0000,,3,2022,2022 3,2025-04-17T02:20:56.000+0000,2025-04-17T02:20:56.000+0000,,
0067200000FpxFAAAZ,,0017200000biNYiAAM,,商談開拓 - 株式会社マリモト,,Prospecting,33549,10,3354.9,,2023-08-22,,,,,,Pipeline,Pipeline,,,,00572000008d2X9AAI,2025-04-17T02:07:30.000+0000,00572000008d2X9AAI,2025-04-17T02:20:56.000+0000,00572000008d2X9AAI,2025-04-17T02:20:56.000+0000,,3,2023,2023 3,2025-04-17T02:20:56.000+0000,2025-04-17T02:20:56.000+0000,,
0067200000FpxFBAAZ,,0017200000biNYjAAM,,新規商談 - 株式会社富士野,,Prospecting,64556,10,6455.6,,2024-10-06,,,,,,Pipeline,Pipeline,,,,00572000008d2X9AAI,2025-04-17T02:07:30.000+0000,00572000008d2X9AAI,2025-04-17T02:20:56.000+0000,00572000008d2X9AAI,2025-04-17T02:20:56.000+0000,,4,2024,2024 4,2025-04-17T02:20:56.000+0000,2025-04-17T02:20:56.000+0000,,
0067200000FpxFCAAZ,,0017200000biNYjAAM,,新規商談 - 株式会社富士野,,Prospecting,60262,10,6026.200000000001,,2023-06-29,,,,,,Pipeline,Pipeline,,,,00572000008d2X9AAI,2025-04-17T02:07:30.000+0000,00572000008d2X9AAI,2025-04-17T02:20:56.000+0000,00572000008d2X9AAI,2025-04-17T02:20:56.000+0000,,2,2023,2023 2,2025-04-17T02:20:56.000+0000,2025-04-17T02:20:56.000+0000,,
0067200000FpxFDAAZ,,0017200000biNYkAAM,,新規商談 - 東野幸商事株式会社,,Prospecting,25109,10,2510.9,,2024-05-25,,,,,,Pipeline,Pipeline,,,,00572000008d2X9AAI,2025-04-17T02:07:30.000+0000,00572000008d2X9AAI,2025-04-17T02:20:56.000+0000,00572000008d2X9AAI,2025-04-17T02:20:56.000+0000,,2,2024,2024 2,2025-04-17T02:20:56.000+0000,2025-04-17T02:20:56.000+0000,,
0067200000FpxFEAAZ,,0017200000biNYlAAM,,商談開拓 - ムーン建材株式会社,,Prospecting,65920,10,6592,,2020-07-24,,,,,,Pipeline,Pipeline,,,,00572000008d2X9AAI,2025-04-17T02:07:30.000+0000,00572000008d2X9AAI,2025-04-17T02:20:56.000+0000,00572000008d2X9AAI,2025-04-17T02:20:56.000+0000,,3,2020,2020 3,2025-04-17T02:20:56.000+0000,2025-04-17T02:20:56.000+0000,,
0067200000FpxFFAAZ,,0017200000biNYnAAM,,成約案件 - 北河産業株式会社,,Prospecting,96566,10,9656.6,,2021-03-09,,,,,,Pipeline,Pipeline,,,,00572000008d2X9AAI,2025-04-17T02:07:30.000+0000,00572000008d2X9AAI,2025-04-17T02:20:56.000+0000,00572000008d2X9AAI,2025-04-17T02:20:56.000+0000,,1,2021,2021 1,2025-04-17T02:20:56.000+0000,2025-04-17T02:20:56.000+0000,,
0067200000FpxFGAAZ,,0017200000biNYoAAM,,契約案件 - オーエルエレクトロニクス株式会社,,Prospecting,63906,10,6390.6,,2021-10-16,,,,,,Pipeline,Pipeline,,,,00572000008d2X9AAI,2025-04-17T02:07:30.000+0000,00572000008d2X9AAI,2025-04-17T02:20:56.000+0000,00572000008d2X9AAI,2025-04-17T02:20:56.000+0000,,4,2021,2021 4,2025-04-17T02:20:56.000+0000,2025-04-17T02:20:56.000+0000,,
0067200000FpxFHAAZ,,0017200000biNYpAAM,,契約見込 - 野田中産業株式会社,,Prospecting,47105,10,4710.5,,2020-01-26,,,,,,Pipeline,Pipeline,,,,00572000008d2X9AAI,2025-04-17T02:07:30.000+0000,00572000008d2X9AAI,2025-04-17T02:20:56.000+0000,00572000008d2X9AAI,2025-04-17T02:20:56.000+0000,,1,2020,2020 1,2025-04-17T02:20:56.000+0000,2025-04-17T02:20:56.000+0000,,
0067200000FpxFIAAZ,,0017200000biNYqAAM,,顧客見込 - ツナシン電機株式会社,,Prospecting,76759,10,7675.900000000001,,2021-07-19,,,,,,Pipeline,Pipeline,,,,00572000008d2X9AAI,2025-04-17T02:07:30.000+0000,00572000008d2X9AAI,2025-04-17T02:20:56.000+0000,00572000008d2X9AAI,2025-04-17T02:20:56.000+0000,,3,2021,2021 3,2025-04-17T02:20:56.000+0000,2025-04-17T02:20:56.000+0000,,
0067200000FpxFJAAZ,,0017200000biNYqAAM,,顧客見込 - ツナシン電機株式会社,,Prospecting,73896,10,7389.6,,2022-01-28,,,,,,Pipeline,Pipeline,,,,00572000008d2X9AAI,2025-04-17T02:07:30.000+0000,00572000008d2X9AAI,2025-04-17T02:20:56.000+0000,00572000008d2X9AAI,2025-04-17T02:20:56.000+0000,,1,2022,2022 1,2025-04-17T02:20:56.000+0000,2025-04-17T02:20:56.000+0000,,
0067200000FpxFKAAZ,,0017200000biNYqAAM,,見込案件 - ツナシン電機株式会社,,Prospecting,104595,10,10459.5,,2022-03-23,,,,,,Pipeline,Pipeline,,,,00572000008d2X9AAI,2025-04-17T02:07:30.000+0000,00572000008d2X9AAI,2025-04-17T02:20:56.000+0000,00572000008d2X9AAI,2025-04-17T02:20:56.000+0000,,1,2022,2022 1,2025-04-17T02:20:56.000+0000,2025-04-17T02:20:56.000+0000,,
0067200000FpxFLAAZ,,0017200000biNYsAAM,,顧客見込 - 株式会社山口エコー,,Prospecting,36604,10,3660.4,,2023-05-17,,,,,,Pipeline,Pipeline,,,,00572000008d2X9AAI,2025-04-17T02:07:30.000+0000,00572000008d2X9AAI,2025-04-17T02:20:56.000+0000,00572000008d2X9AAI,2025-04-17T02:20:56.000+0000,,2,2023,2023 2,2025-04-17T02:20:56.000+0000,2025-04-17T02:20:56.000+0000,,
0067200000FpxFMAAZ,,0017200000biNYsAAM,,契約見込 - 株式会社山口エコー,,Prospecting,3161,10,316.1,,2021-10-23,,,,,,Pipeline,Pipeline,,,,00572000008d2X9AAI,2025-04-17T02:07:30.000+0000,00572000008d2X9AAI,2025-04-17T02:20:56.000+0000,00572000008d2X9AAI,2025-04-17T02:20:56.000+0000,,4,2021,2021 4,2025-04-17T02:20:56.000+0000,2025-04-17T02:20:56.000+0000,,
0067200000FpxFNAAZ,,0017200000biNYsAAM,,契約案件 - 株式会社山口エコー,,Prospecting,86500,10,8650,,2023-06-12,,,,,,Pipeline,Pipeline,,,,00572000008d2X9AAI,2025-04-17T02:07:30.000+0000,00572000008d2X9AAI,2025-04-17T02:20:56.000+0000,00572000008d2X9AAI,2025-04-17T02:20:56.000+0000,,2,2023,2023 2,2025-04-17T02:20:56.000+0000,2025-04-17T02:20:56.000+0000,,
0067200000FpxFOAAZ,,0017200000biNYsAAM,,商談開拓 - 株式会社山口エコー,,Prospecting,90391,10,9039.1,,2020-02-04,,,,,,Pipeline,Pipeline,,,,00572000008d2X9AAI,2025-04-17T02:07:30.000+0000,00572000008d2X9AAI,2025-04-17T02:20:56.000+0000,00572000008d2X9AAI,2025-04-17T02:20:56.000+0000,,1,2020,2020 1,2025-04-17T02:20:56.000+0000,2025-04-17T02:20:56.000+0000,,
0067200000FpxFPAAZ,,0017200000biNYtAAM,,新規商談 - 株式会社川田,,Prospecting,62279,10,6227.900000000001,,2023-12-05,,,,,,Pipeline,Pipeline,,,,00572000008d2X9AAI,2025-04-17T02:07:30.000+0000,00572000008d2X9AAI,2025-04-17T02:20:56.000+0000,00572000008d2X9AAI,2025-04-17T02:20:56.000+0000,,4,2023,2023 4,2025-04-17T02:20:56.000+0000,2025-04-17T02:20:56.000+0000,,
0067200000FpxFQAAZ,,0017200000biNYtAAM,,契約案件 - 株式会社川田,,Prospecting,88621,10,8862.1,,2023-11-12,,,,,,Pipeline,Pipeline,,,,00572000008d2X9AAI,2025-04-17T02:07:30.000+0000,00572000008d2X9AAI,2025-04-17T02:20:56.000+0000,00572000008d2X9AAI,2025-04-17T02:20:56.000+0000,,4,2023,2023 4,2025-04-17T02:20:56.000+0000,2025-04-17T02:20:56.000+0000,,
0067200000FpxFRAAZ,,0017200000biNYtAAM,,新規商談 - 株式会社川田,,Prospecting,7795,10,779.5,,2022-07-31,,,,,,Pipeline,Pipeline,,,,00572000008d2X9AAI,2025-04-17T02:07:30.000+0000,00572000008d2X9AAI,2025-04-17T02:20:56.000+0000,00572000008d2X9AAI,2025-04-17T02:20:56.000+0000,,3,2022,2022 3,2025-04-17T02:20:56.000+0000,2025-04-17T02:20:56.000+0000,,
0067200000FpxFSAAZ,,0017200000biNYtAAM,,契約案件 - 株式会社川田,,Prospecting,86226,10,8622.6,,2022-12-16,,,,,,Pipeline,Pipeline,,,,00572000008d2X9AAI,2025-04-17T02:07:30.000+0000,00572000008d2X9AAI,2025-04-17T02:20:56.000+0000,00572000008d2X9AAI,2025-04-17T02:20:56.000+0000,,4,2022,2022 4,2025-04-17T02:20:56.000+0000,2025-04-17T02:20:56.000+0000,,
0067200000FpxFTAAZ,,0017200000biNYuAAM,,商談開拓 - 谷町産業株式会社,,Prospecting,113621,10,11362.1,,2023-04-21,,,,,,Pipeline,Pipeline,,,,00572000008d2X9AAI,2025-04-17T02:07:30.000+0000,00572000008d2X9AAI,2025-04-17T02:20:56.000+0000,00572000008d2X9AAI,2025-04-17T02:20:56.000+0000,,2,2023,2023 2,2025-04-17T02:20:56.000+0000,2025-04-17T02:20:56.000+0000,,
0067200000FpxFUAAZ,,0017200000biNYvAAM,,契約案件 - 高橋秀不動産株式会社,,Prospecting,10343,10,1034.3,,2023-02-04,,,,,,Pipeline,Pipeline,,,,00572000008d2X9AAI,2025-04-17T02:07:30.000+0000,00572000008d2X9AAI,2025-04-17T02:20:56.000+0000,00572000008d2X9AAI,2025-04-17T02:20:56.000+0000,,1,2023,2023 1,2025-04-17T02:20:56.000+0000,2025-04-17T02:20:56.000+0000,,
0067200000FpxFVAAZ,,0017200000biNYwAAM,,新規商談 - 立花田商事株式会社,,Prospecting,27493,10,2749.3,,2022-02-17,,,,,,Pipeline,Pipeline,,,,00572000008d2X9AAI,2025-04-17T02:07:30.000+0000,00572000008d2X9AAI,2025-04-17T02:20:56.000+0000,00572000008d2X9AAI,2025-04-17T02:20:56.000+0000,,1,2022,2022 1,2025-04-17T02:20:56.000+0000,2025-04-17T02:20:56.000+0000,,
0067200000FpxFWAAZ,,0017200000biNYwAAM,,見込案件 - 立花田商事株式会社,,Prospecting,4780,10,478,,2024-10-05,,,,,,Pipeline,Pipeline,,,,00572000008d2X9AAI,2025-04-17T02:07:30.000+0000,00572000008d2X9AAI,2025-04-17T02:20:56.000+0000,00572000008d2X9AAI,2025-04-17T02:20:56.000+0000,,4,2024,2024 4,2025-04-17T02:20:56.000+0000,2025-04-17T02:20:56.000+0000,,
0067200000FpxFXAAZ,,0017200000biNYxAAM,,新規商談 - 角商マシネックス株式会社,,Prospecting,47932,10,4793.2,,2021-09-23,,,,,,Pipeline,Pipeline,,,,00572000008d2X9AAI,2025-04-17T02:07:30.000+0000,00572000008d2X9AAI,2025-04-17T02:20:56.000+0000,00572000008d2X9AAI,2025-04-17T02:20:56.000+0000,,3,2021,2021 3,2025-04-17T02:20:56.000+0000,2025-04-17T02:20:56.000+0000,,
0067200000FpxFYAAZ,,0017200000biNYxAAM,,成約案件 - 角商マシネックス株式会社,,Prospecting,83330,10,8333,,2022-04-24,,,,,,Pipeline,Pipeline,,,,00572000008d2X9AAI,2025-04-17T02:07:30.000+0000,00572000008d2X9AAI,2025-04-17T02:20:56.000+0000,00572000008d2X9AAI,2025-04-17T02:20:56.000+0000,,2,2022,2022 2,2025-04-17T02:20:56.000+0000,2025-04-17T02:20:56.000+0000,,
0067200000FpxFZAAZ,,0017200000biNYxAAM,,成約案件 - 角商マシネックス株式会社,,Prospecting,18557,10,1855.7,,2023-03-01,,,,,,Pipeline,Pipeline,,,,00572000008d2X9AAI,2025-04-17T02:07:30.000+0000,00572000008d2X9AAI,2025-04-17T02:20:56.000+0000,00572000008d2X9AAI,2025-04-17T02:20:56.000+0000,,1,2023,2023 1,2025-04-17T02:20:56.000+0000,2025-04-17T02:20:56.000+0000,,
0067200000FpxFaAAJ,,0017200000biNYxAAM,,新規商談 - 角商マシネックス株式会社,,Prospecting,46076,10,4607.6,,2022-10-11,,,,,,Pipeline,Pipeline,,,,00572000008d2X9AAI,2025-04-17T02:07:30.000+0000,00572000008d2X9AAI,2025-04-17T02:20:56.000+0000,00572000008d2X9AAI,2025-04-17T02:20:56.000+0000,,4,2022,2022 4,2025-04-17T02:20:56.000+0000,2025-04-17T02:20:56.000+0000,,
0067200000FpxFbAAJ,,0017200000biNYzAAM,,契約案件 - 株式会社トーケイド,,Prospecting,16574,10,1657.4,,2022-09-17,,,,,,Pipeline,Pipeline,,,,00572000008d2X9AAI,2025-04-17T02:07:30.000+0000,00572000008d2X9AAI,2025-04-17T02:20:56.000+0000,00572000008d2X9AAI,2025-04-17T02:20:56.000+0000,,3,2022,2022 3,2025-04-17T02:20:56.000+0000,2025-04-17T02:20:56.000+0000,,
0067200000FpxFcAAJ,,0017200000biNZ0AAM,,見込案件 - グランプリホテル高輪,,Prospecting,2252,10,225.20000000000002,,2024-06-29,,,,,,Pipeline,Pipeline,,,,00572000008d2X9AAI,2025-04-17T02:07:30.000+0000,00572000008d2X9AAI,2025-04-17T02:20:56.000+0000,00572000008d2X9AAI,2025-04-17T02:20:56.000+0000,,2,2024,2024 2,2025-04-17T02:20:56.000+0000,2025-04-17T02:20:56.000+0000,,
0067200000FpxFdAAJ,,0017200000biNZ0AAM,,見込案件 - グランプリホテル高輪,,Prospecting,73899,10,7389.900000000001,,2024-01-27,,,,,,Pipeline,Pipeline,,,,00572000008d2X9AAI,2025-04-17T02:07:30.000+0000,00572000008d2X9AAI,2025-04-17T02:20:56.000+0000,00572000008d2X9AAI,2025-04-17T02:20:56.000+0000,,1,2024,2024 1,2025-04-17T02:20:56.000+0000,2025-04-17T02:20:56.000+0000,,
0067200000FpxFeAAJ,,0017200000biNZ1AAM,,新規案件 - マキシマム株式会社,,Prospecting,28183,10,2818.3,,2023-06-17,,,,,,Pipeline,Pipeline,,,,00572000008d2X9AAI,2025-04-17T02:07:30.000+0000,00572000008d2X9AAI,2025-04-17T02:20:56.000+0000,00572000008d2X9AAI,2025-04-17T02:20:56.000+0000,,2,2023,2023 2,2025-04-17T02:20:56.000+0000,2025-04-17T02:20:56.000+0000,,
0067200000FpxFfAAJ,,0017200000biNZ1AAM,,新規商談 - マキシマム株式会社,,Prospecting,152,10,15.200000000000001,,2020-04-09,,,,,,Pipeline,Pipeline,,,,00572000008d2X9AAI,2025-04-17T02:07:30.000+0000,00572000008d2X9AAI,2025-04-17T02:20:56.000+0000,00572000008d2X9AAI,2025-04-17T02:20:56.000+0000,,2,2020,2020 2,2025-04-17T02:20:56.000+0000,2025-04-17T02:20:56.000+0000,,
0067200000FpxFgAAJ,,0017200000biNZ2AAM,,顧客見込 - 加藤安田金属株式会社,,Prospecting,89423,10,8942.300000000001,,2023-04-21,,,,,,Pipeline,Pipeline,,,,00572000008d2X9AAI,2025-04-17T02:07:30.000+0000,00572000008d2X9AAI,2025-04-17T02:20:56.000+0000,00572000008d2X9AAI,2025-04-17T02:20:56.000+0000,,2,2023,2023 2,2025-04-17T02:20:56.000+0000,2025-04-17T02:20:56.000+0000,,
0067200000FpxFhAAJ,,0017200000biNZ2AAM,,新規商談 - 加藤安田金属株式会社,,Prospecting,76183,10,7618.3,,2024-05-15,,,,,,Pipeline,Pipeline,,,,00572000008d2X9AAI,2025-04-17T02:07:30.000+0000,00572000008d2X9AAI,2025-04-17T02:20:56.000+0000,00572000008d2X9AAI,2025-04-17T02:20:56.000+0000,,2,2024,2024 2,2025-04-17T02:20:56.000+0000,2025-04-17T02:20:56.000+0000,,
0067200000FpxFiAAJ,,0017200000biNZ2AAM,,契約見込 - 加藤安田金属株式会社,,Prospecting,45580,10,4558,,2023-07-12,,,,,,Pipeline,Pipeline,,,,00572000008d2X9AAI,2025-04-17T02:07:30.000+0000,00572000008d2X9AAI,2025-04-17T02:20:56.000+0000,00572000008d2X9AAI,2025-04-17T02:20:56.000+0000,,3,2023,2023 3,2025-04-17T02:20:56.000+0000,2025-04-17T02:20:56.000+0000,,
0067200000FpxFjAAJ,,0017200000biNZ2AAM,,契約見込 - 加藤安田金属株式会社,,Prospecting,78494,10,7849.400000000001,,2024-11-16,,,,,,Pipeline,Pipeline,,,,00572000008d2X9AAI,2025-04-17T02:07:30.000+0000,00572000008d2X9AAI,2025-04-17T02:20:56.000+0000,00572000008d2X9AAI,2025-04-17T02:20:56.000+0000,,4,2024,2024 4,2025-04-17T02:20:56.000+0000,2025-04-17T02:20:56.000+0000,,
0067200000FpxFkAAJ,,0017200000biNZ3AAM,,成約案件 - 平成エーアイシー株式会社,,Prospecting,15694,10,1569.4,,2022-10-13,,,,,,Pipeline,Pipeline,,,,00572000008d2X9AAI,2025-04-17T02:07:30.000+0000,00572000008d2X9AAI,2025-04-17T02:20:56.000+0000,00572000008d2X9AAI,2025-04-17T02:20:56.000+0000,,4,2022,2022 4,2025-04-17T02:20:56.000+0000,2025-04-17T02:20:56.000+0000,,
0067200000FpxFlAAJ,,0017200000biNZ3AAM,,契約案件 - 平成エーアイシー株式会社,,Prospecting,69526,10,6952.6,,2023-10-11,,,,,,Pipeline,Pipeline,,,,00572000008d2X9AAI,2025-04-17T02:07:30.000+0000,00572000008d2X9AAI,2025-04-17T02:20:56.000+0000,00572000008d2X9AAI,2025-04-17T02:20:56.000+0000,,4,2023,2023 4,2025-04-17T02:20:56.000+0000,2025-04-17T02:20:56.000+0000,,
0067200000FpxFmAAJ,,0017200000biNZ4AAM,,顧客見込 - 株式会社村井精工,,Prospecting,3337,10,333.70000000000005,,2020-04-16,,,,,,Pipeline,Pipeline,,,,00572000008d2X9AAI,2025-04-17T02:07:30.000+0000,00572000008d2X9AAI,2025-04-17T02:20:56.000+0000,00572000008d2X9AAI,2025-04-17T02:20:56.000+0000,,2,2020,2020 2,2025-04-17T02:20:56.000+0000,2025-04-17T02:20:56.000+0000,,
0067200000FpxFnAAJ,,0017200000biNZ4AAM,,商談開拓 - 株式会社村井精工,,Prospecting,21223,10,2122.3,,2025-06-04,,,,,,Pipeline,Pipeline,,,,00572000008d2X9AAI,2025-04-17T02:07:30.000+0000,00572000008d2X9AAI,2025-04-17T02:20:56.000+0000,00572000008d2X9AAI,2025-04-17T02:20:56.000+0000,,2,2025,2025 2,2025-04-17T02:20:56.000+0000,2025-04-17T02:20:56.000+0000,,
0067200000FpxFoAAJ,,0017200000biNZ4AAM,,成約案件 - 株式会社村井精工,,Prospecting,24704,10,2470.4,,2023-05-06,,,,,,Pipeline,Pipeline,,,,00572000008d2X9AAI,2025-04-17T02:07:30.000+0000,00572000008d2X9AAI,2025-04-17T02:20:56.000+0000,00572000008d2X9AAI,2025-04-17T02:20:56.000+0000,,2,2023,2023 2,2025-04-17T02:20:56.000+0000,2025-04-17T02:20:56.000+0000,,
0067200000FpxFpAAJ,,0017200000biNZ4AAM,,契約見込 - 株式会社村井精工,,Prospecting,10982,10,1098.2,,2023-03-19,,,,,,Pipeline,Pipeline,,,,00572000008d2X9AAI,2025-04-17T02:07:30.000+0000,00572000008d2X9AAI,2025-04-17T02:20:56.000+0000,00572000008d2X9AAI,2025-04-17T02:20:56.000+0000,,1,2023,2023 1,2025-04-17T02:20:56.000+0000,2025-04-17T02:20:56.000+0000,,
0067200000FpxFqAAJ,,0017200000biNZ5AAM,,顧客見込 - 野原テクノサーブ株式会社,,Prospecting,48011,10,4801.1,,2022-06-11,,,,,,Pipeline,Pipeline,,,,00572000008d2X9AAI,2025-04-17T02:07:30.000+0000,00572000008d2X9AAI,2025-04-17T02:20:56.000+0000,00572000008d2X9AAI,2025-04-17T02:20:56.000+0000,,2,2022,2022 2,2025-04-17T02:20:56.000+0000,2025-04-17T02:20:56.000+0000,,
0067200000FpxFrAAJ,,0017200000biNZ5AAM,,顧客見込 - 野原テクノサーブ株式会社,,Prospecting,40717,10,4071.7000000000003,,2024-04-23,,,,,,Pipeline,Pipeline,,,,00572000008d2X9AAI,2025-04-17T02:07:30.000+0000,00572000008d2X9AAI,2025-04-17T02:20:56.000+0000,00572000008d2X9AAI,2025-04-17T02:20:56.000+0000,,2,2024,2024 2,2025-04-17T02:20:56.000+0000,2025-04-17T02:20:56.000+0000,,
0067200000FpxFsAAJ,,0017200000biNZ5AAM,,契約見込 - 野原テクノサーブ株式会社,,Prospecting,35426,10,3542.6000000000004,,2021-12-23,,,,,,Pipeline,Pipeline,,,,00572000008d2X9AAI,2025-04-17T02:07:30.000+0000,00572000008d2X9AAI,2025-04-17T02:20:56.000+0000,00572000008d2X9AAI,2025-04-17T02:20:56.000+0000,,4,2021,2021 4,2025-04-17T02:20:56.000+0000,2025-04-17T02:20:56.000+0000,,
0067200000FpxFtAAJ,,0017200000biNZ5AAM,,商談開拓 - 野原テクノサーブ株式会社,,Prospecting,69986,10,6998.6,,2023-11-27,,,,,,Pipeline,Pipeline,,,,00572000008d2X9AAI,2025-04-17T02:07:30.000+0000,00572000008d2X9AAI,2025-04-17T02:20:56.000+0000,00572000008d2X9AAI,2025-04-17T02:20:56.000+0000,,4,2023,2023 4,2025-04-17T02:20:56.000+0000,2025-04-17T02:20:56.000+0000,,
0067200000FpxFuAAJ,,0017200000biNZ6AAM,,顧客見込 - 大日本リサイクル株式会社,,Prospecting,2660,10,266,,2022-07-27,,,,,,Pipeline,Pipeline,,,,00572000008d2X9AAI,2025-04-17T02:07:30.000+0000,00572000008d2X9AAI,2025-04-17T02:20:56.000+0000,00572000008d2X9AAI,2025-04-17T02:20:56.000+0000,,3,2022,2022 3,2025-04-17T02:20:56.000+0000,2025-04-17T02:20:56.000+0000,,
0067200000FpxFvAAJ,,0017200000biNZ6AAM,,顧客見込 - 大日本リサイクル株式会社,,Prospecting,22034,10,2203.4,,2020-10-19,,,,,,Pipeline,Pipeline,,,,00572000008d2X9AAI,2025-04-17T02:07:30.000+0000,00572000008d2X9AAI,2025-04-17T02:20:56.000+0000,00572000008d2X9AAI,2025-04-17T02:20:56.000+0000,,4,2020,2020 4,2025-04-17T02:20:56.000+0000,2025-04-17T02:20:56.000+0000,,
0067200000FpxFwAAJ,,0017200000biNZ6AAM,,成約案件 - 大日本リサイクル株式会社,,Prospecting,2964,10,296.40000000000003,,2024-05-02,,,,,,Pipeline,Pipeline,,,,00572000008d2X9AAI,2025-04-17T02:07:30.000+0000,00572000008d2X9AAI,2025-04-17T02:20:56.000+0000,00572000008d2X9AAI,2025-04-17T02:20:56.000+0000,,2,2024,2024 2,2025-04-17T02:20:56.000+0000,2025-04-17T02:20:56.000+0000,,
0067200000FpxFxAAJ,,0017200000biNZ6AAM,,新規商談 - 大日本リサイクル株式会社,,Prospecting,82972,10,8297.2,,2024-09-28,,,,,,Pipeline,Pipeline,,,,00572000008d2X9AAI,2025-04-17T02:07:30.000+0000,00572000008d2X9AAI,2025-04-17T02:20:56.000+0000,00572000008d2X9AAI,2025-04-17T02:20:56.000+0000,,3,2024,2024 3,2025-04-17T02:20:56.000+0000,2025-04-17T02:20:56.000+0000,,
0067200000FpxFyAAJ,,0017200000biNZ7AAM,,新規商談 - 帝徳ホームズ株式会社,,Prospecting,94418,10,9441.800000000001,,2020-11-28,,,,,,Pipeline,Pipeline,,,,00572000008d2X9AAI,2025-04-17T02:07:30.000+0000,00572000008d2X9AAI,2025-04-17T02:20:56.000+0000,00572000008d2X9AAI,2025-04-17T02:20:56.000+0000,,4,2020,2020 4,2025-04-17T02:20:56.000+0000,2025-04-17T02:20:56.000+0000,,
0067200000FpxFzAAJ,,0017200000biNZ7AAM,,成約案件 - 帝徳ホームズ株式会社,,Prospecting,17904,10,1790.4,,2020-12-27,,,,,,Pipeline,Pipeline,,,,00572000008d2X9AAI,2025-04-17T02:07:30.000+0000,00572000008d2X9AAI,2025-04-17T02:20:56.000+0000,00572000008d2X9AAI,2025-04-17T02:20:56.000+0000,,4,2020,2020 4,2025-04-17T02:20:56.000+0000,2025-04-17T02:20:56.000+0000,,
0067200000FpxG0AAJ,,0017200000biNZ7AAM,,商談開拓 - 帝徳ホームズ株式会社,,Prospecting,64309,10,6430.900000000001,,2024-11-11,,,,,,Pipeline,Pipeline,,,,00572000008d2X9AAI,2025-04-17T02:07:30.000+0000,00572000008d2X9AAI,2025-04-17T02:20:56.000+0000,00572000008d2X9AAI,2025-04-17T02:20:56.000+0000,,4,2024,2024 4,2025-04-17T02:20:56.000+0000,2025-04-17T02:20:56.000+0000,,
0067200000FpxG1AAJ,,0017200000biNZ8AAM,,商談開拓 - 昭和カップ株式会社,,Prospecting,73326,10,7332.6,,2022-12-28,,,,,,Pipeline,Pipeline,,,,00572000008d2X9AAI,2025-04-17T02:07:30.000+0000,00572000008d2X9AAI,2025-04-17T02:20:56.000+0000,00572000008d2X9AAI,2025-04-17T02:20:56.000+0000,,4,2022,2022 4,2025-04-17T02:20:56.000+0000,2025-04-17T02:20:56.000+0000,,
0067200000FpxG2AAJ,,0017200000biNYLAA2,,契約見込 - Sample Account for Entitlements,,Prospecting,69455,10,6945.5,,2024-07-24,,,,,,Pipeline,Pipeline,,,,00572000008d2X9AAI,2025-04-17T02:07:30.000+0000,00572000008d2X9AAI,2025-04-17T02:20:56.000+0000,00572000008d2X9AAI,2025-04-17T02:20:56.000+0000,,3,2024,2024 3,2025-04-17T02:20:56.000+0000,2025-04-17T02:20:56.000+0000,,
0067200000FpxG3AAJ,,0017200000biNYLAA2,,契約見込 - Sample Account for Entitlements,,Prospecting,103418,10,10341.800000000001,,2020-07-22,,,,,,Pipeline,Pipeline,,,,00572000008d2X9AAI,2025-04-17T02:07:30.000+0000,00572000008d2X9AAI,2025-04-17T02:20:56.000+0000,00572000008d2X9AAI,2025-04-17T02:20:56.000+0000,,3,2020,2020 3,2025-04-17T02:20:56.000+0000,2025-04-17T02:20:56.000+0000,,
0067200000FpxG4AAJ,,0017200000biNYLAA2,,商談開拓 - Sample Account for Entitlements,,Prospecting,1188,10,118.80000000000001,,2025-02-24,,,,,,Pipeline,Pipeline,,,,00572000008d2X9AAI,2025-04-17T02:07:30.000+0000,00572000008d2X9AAI,2025-04-17T02:20:56.000+0000,00572000008d2X9AAI,2025-04-17T02:20:56.000+0000,,1,2025,2025 1,2025-04-17T02:20:56.000+0000,2025-04-17T02:20:56.000+0000,,
0067200000FpxG5AAJ,,0017200000biNYMAA2,,見込案件 - 株式会社ドルフィン事務器,,Prospecting,32321,10,3232.1000000000004,,2021-05-24,,,,,,Pipeline,Pipeline,,,,00572000008d2X9AAI,2025-04-17T02:07:30.000+0000,00572000008d2X9AAI,2025-04-17T02:20:56.000+0000,00572000008d2X9AAI,2025-04-17T02:20:56.000+0000,,2,2021,2021 2,2025-04-17T02:20:56.000+0000,2025-04-17T02:20:56.000+0000,,
0067200000FpxG6AAJ,,0017200000biNYNAA2,,商談開拓 - 株式会社バーグ,,Prospecting,51442,10,5144.200000000001,,2022-05-25,,,,,,Pipeline,Pipeline,,,,00572000008d2X9AAI,2025-04-17T02:07:30.000+0000,00572000008d2X9AAI,2025-04-17T02:20:56.000+0000,00572000008d2X9AAI,2025-04-17T02:20:56.000+0000,,2,2022,2022 2,2025-04-17T02:20:56.000+0000,2025-04-17T02:20:56.000+0000,,
0067200000FpxG7AAJ,,0017200000biNYOAA2,,成約案件 - 平成金属商事株式会社,,Prospecting,4841,10,484.1,,2022-07-17,,,,,,Pipeline,Pipeline,,,,00572000008d2X9AAI,2025-04-17T02:07:30.000+0000,00572000008d2X9AAI,2025-04-17T02:20:56.000+0000,00572000008d2X9AAI,2025-04-17T02:20:56.000+0000,,3,2022,2022 3,2025-04-17T02:20:56.000+0000,2025-04-17T02:20:56.000+0000,,
0067200000FpxG8AAJ,,0017200000biNYOAA2,,契約見込 - 平成金属商事株式会社,,Prospecting,68083,10,6808.3,,2023-10-13,,,,,,Pipeline,Pipeline,,,,00572000008d2X9AAI,2025-04-17T02:07:30.000+0000,00572000008d2X9AAI,2025-04-17T02:20:56.000+0000,00572000008d2X9AAI,2025-04-17T02:20:56.000+0000,,4,2023,2023 4,2025-04-17T02:20:56.000+0000,2025-04-17T02:20:56.000+0000,,
0067200000FpxG9AAJ,,0017200000biNYPAA2,,契約案件 - 伊達事務機器株式会社,,Prospecting,38026,10,3802.6000000000004,,2023-10-15,,,,,,Pipeline,Pipeline,,,,00572000008d2X9AAI,2025-04-17T02:07:30.000+0000,00572000008d2X9AAI,2025-04-17T02:20:56.000+0000,00572000008d2X9AAI,2025-04-17T02:20:56.000+0000,,4,2023,2023 4,2025-04-17T02:20:56.000+0000,2025-04-17T02:20:56.000+0000,,
0067200000FpxGAAAZ,,0017200000biNYPAA2,,契約案件 - 伊達事務機器株式会社,,Prospecting,16304,10,1630.4,,2022-12-21,,,,,,Pipeline,Pipeline,,,,00572000008d2X9AAI,2025-04-17T02:07:30.000+0000,00572000008d2X9AAI,2025-04-17T02:20:56.000+0000,00572000008d2X9AAI,2025-04-17T02:20:56.000+0000,,4,2022,2022 4,2025-04-17T02:20:56.000+0000,2025-04-17T02:20:56.000+0000,,
0067200000FpxGBAAZ,,0017200000biNYPAA2,,商談開拓 - 伊達事務機器株式会社,,Prospecting,49688,10,4968.8,,2022-11-07,,,,,,Pipeline,Pipeline,,,,00572000008d2X9AAI,2025-04-17T02:07:30.000+0000,00572000008d2X9AAI,2025-04-17T02:20:56.000+0000,00572000008d2X9AAI,2025-04-17T02:20:56.000+0000,,4,2022,2022 4,2025-04-17T02:20:56.000+0000,2025-04-17T02:20:56.000+0000,,
0067200000FpxGCAAZ,,0017200000biNYPAA2,,契約案件 - 伊達事務機器株式会社,,Prospecting,54813,10,5481.3,,2021-02-24,,,,,,Pipeline,Pipeline,,,,00572000008d2X9AAI,2025-04-17T02:07:30.000+0000,00572000008d2X9AAI,2025-04-17T02:20:56.000+0000,00572000008d2X9AAI,2025-04-17T02:20:56.000+0000,,1,2021,2021 1,2025-04-17T02:20:56.000+0000,2025-04-17T02:20:56.000+0000,,
0067200000FpxGDAAZ,,0017200000biNYQAA2,,顧客見込 - 帝国物産株式会社,,Prospecting,76681,10,7668.1,,2022-06-22,,,,,,Pipeline,Pipeline,,,,00572000008d2X9AAI,2025-04-17T02:07:30.000+0000,00572000008d2X9AAI,2025-04-17T02:20:56.000+0000,00572000008d2X9AAI,2025-04-17T02:20:56.000+0000,,2,2022,2022 2,2025-04-17T02:20:56.000+0000,2025-04-17T02:20:56.000+0000,,
0067200000FpxGEAAZ,,0017200000biNYQAA2,,新規商談 - 帝国物産株式会社,,Prospecting,58866,10,5886.6,,2021-04-18,,,,,,Pipeline,Pipeline,,,,00572000008d2X9AAI,2025-04-17T02:07:30.000+0000,00572000008d2X9AAI,2025-04-17T02:20:56.000+0000,00572000008d2X9AAI,2025-04-17T02:20:56.000+0000,,2,2021,2021 2,2025-04-17T02:20:56.000+0000,2025-04-17T02:20:56.000+0000,,
0067200000FpxGFAAZ,,0017200000biNYSAA2,,新規商談 - 株式会社あさひかわ証券,,Prospecting,18260,10,1826,,2023-06-07,,,,,,Pipeline,Pipeline,,,,00572000008d2X9AAI,2025-04-17T02:07:30.000+0000,00572000008d2X9AAI,2025-04-17T02:20:56.000+0000,00572000008d2X9AAI,2025-04-17T02:20:56.000+0000,,2,2023,2023 2,2025-04-17T02:20:56.000+0000,2025-04-17T02:20:56.000+0000,,
0067200000FpxGGAAZ,,0017200000biNYSAA2,,契約見込 - 株式会社あさひかわ証券,,Prospecting,63672,10,6367.200000000001,,2025-06-23,,,,,,Pipeline,Pipeline,,,,00572000008d2X9AAI,2025-04-17T02:07:30.000+0000,00572000008d2X9AAI,2025-04-17T02:20:56.000+0000,00572000008d2X9AAI,2025-04-17T02:20:56.000+0000,,2,2025,2025 2,2025-04-17T02:20:56.000+0000,2025-04-17T02:20:56.000+0000,,
0067200000FpxGHAAZ,,0017200000biNYSAA2,,新規案件 - 株式会社あさひかわ証券,,Prospecting,26264,10,2626.4,,2023-08-06,,,,,,Pipeline,Pipeline,,,,00572000008d2X9AAI,2025-04-17T02:07:30.000+0000,00572000008d2X9AAI,2025-04-17T02:20:56.000+0000,00572000008d2X9AAI,2025-04-17T02:20:56.000+0000,,3,2023,2023 3,2025-04-17T02:20:56.000+0000,2025-04-17T02:20:56.000+0000,,
0067200000FpxGIAAZ,,0017200000biNYSAA2,,契約案件 - 株式会社あさひかわ証券,,Prospecting,115571,10,11557.1,,2023-12-08,,,,,,Pipeline,Pipeline,,,,00572000008d2X9AAI,2025-04-17T02:07:30.000+0000,00572000008d2X9AAI,2025-04-17T02:20:56.000+0000,00572000008d2X9AAI,2025-04-17T02:20:56.000+0000,,4,2023,2023 4,2025-04-17T02:20:56.000+0000,2025-04-17T02:20:56.000+0000,,
0067200000FpxGJAAZ,,0017200000biNYTAA2,,新規商談 - アヒューマンドットコム株式会社,,Prospecting,71103,10,7110.3,,2022-04-21,,,,,,Pipeline,Pipeline,,,,00572000008d2X9AAI,2025-04-17T02:07:30.000+0000,00572000008d2X9AAI,2025-04-17T02:20:56.000+0000,00572000008d2X9AAI,2025-04-17T02:20:56.000+0000,,2,2022,2022 2,2025-04-17T02:20:56.000+0000,2025-04-17T02:20:56.000+0000,,
0067200000FpxGKAAZ,,0017200000biNYTAA2,,顧客見込 - アヒューマンドットコム株式会社,,Prospecting,25639,10,2563.9,,2021-08-18,,,,,,Pipeline,Pipeline,,,,00572000008d2X9AAI,2025-04-17T02:07:30.000+0000,00572000008d2X9AAI,2025-04-17T02:20:56.000+0000,00572000008d2X9AAI,2025-04-17T02:20:56.000+0000,,3,2021,2021 3,2025-04-17T02:20:56.000+0000,2025-04-17T02:20:56.000+0000,,
0067200000FpxGLAAZ,,0017200000biNYUAA2,,新規案件 - 西山コーセン株式会社,,Prospecting,9412,10,941.2,,2023-01-17,,,,,,Pipeline,Pipeline,,,,00572000008d2X9AAI,2025-04-17T02:07:30.000+0000,00572000008d2X9AAI,2025-04-17T02:20:56.000+0000,00572000008d2X9AAI,2025-04-17T02:20:56.000+0000,,1,2023,2023 1,2025-04-17T02:20:56.000+0000,2025-04-17T02:20:56.000+0000,,
0067200000FpxGMAAZ,,0017200000biNYUAA2,,契約案件 - 西山コーセン株式会社,,Prospecting,37623,10,3762.3,,2021-09-26,,,,,,Pipeline,Pipeline,,,,00572000008d2X9AAI,2025-04-17T02:07:30.000+0000,00572000008d2X9AAI,2025-04-17T02:20:56.000+0000,00572000008d2X9AAI,2025-04-17T02:20:56.000+0000,,3,2021,2021 3,2025-04-17T02:20:56.000+0000,2025-04-17T02:20:56.000+0000,,
0067200000FpxGNAAZ,,0017200000biNYUAA2,,契約見込 - 西山コーセン株式会社,,Prospecting,50281,10,5028.1,,2022-07-17,,,,,,Pipeline,Pipeline,,,,00572000008d2X9AAI,2025-04-17T02:07:30.000+0000,00572000008d2X9AAI,2025-04-17T02:20:56.000+0000,00572000008d2X9AAI,2025-04-17T02:20:56.000+0000,,3,2022,2022 3,2025-04-17T02:20:56.000+0000,2025-04-17T02:20:56.000+0000,,
0067200000FpxGOAAZ,,0017200000biNYWAA2,,顧客見込 - 京輪不動産株式会社,,Prospecting,41952,10,4195.2,,2023-07-11,,,,,,Pipeline,Pipeline,,,,00572000008d2X9AAI,2025-04-17T02:07:30.000+0000,00572000008d2X9AAI,2025-04-17T02:20:56.000+0000,00572000008d2X9AAI,2025-04-17T02:20:56.000+0000,,3,2023,2023 3,2025-04-17T02:20:56.000+0000,2025-04-17T02:20:56.000+0000,,
0067200000FpxGPAAZ,,0017200000biNYWAA2,,契約見込 - 京輪不動産株式会社,,Prospecting,52492,10,5249.200000000001,,2023-06-14,,,,,,Pipeline,Pipeline,,,,00572000008d2X9AAI,2025-04-17T02:07:30.000+0000,00572000008d2X9AAI,2025-04-17T02:20:56.000+0000,00572000008d2X9AAI,2025-04-17T02:20:56.000+0000,,2,2023,2023 2,2025-04-17T02:20:56.000+0000,2025-04-17T02:20:56.000+0000,,
0067200000FpxGQAAZ,,0017200000biNYWAA2,,見込案件 - 京輪不動産株式会社,,Prospecting,41154,10,4115.400000000001,,2022-08-05,,,,,,Pipeline,Pipeline,,,,00572000008d2X9AAI,2025-04-17T02:07:30.000+0000,00572000008d2X9AAI,2025-04-17T02:20:56.000+0000,00572000008d2X9AAI,2025-04-17T02:20:56.000+0000,,3,2022,2022 3,2025-04-17T02:20:56.000+0000,2025-04-17T02:20:56.000+0000,,
0067200000FpxGRAAZ,,0017200000biNYWAA2,,契約案件 - 京輪不動産株式会社,,Prospecting,22782,10,2278.2000000000003,,2022-08-16,,,,,,Pipeline,Pipeline,,,,00572000008d2X9AAI,2025-04-17T02:07:30.000+0000,00572000008d2X9AAI,2025-04-17T02:20:56.000+0000,00572000008d2X9AAI,2025-04-17T02:20:56.000+0000,,3,2022,2022 3,2025-04-17T02:20:56.000+0000,2025-04-17T02:20:56.000+0000,,
0067200000FpxGSAAZ,,0017200000biNYXAA2,,成約案件 - 大日本ワイズ株式会社,,Prospecting,47158,10,4715.8,,2020-03-08,,,,,,Pipeline,Pipeline,,,,00572000008d2X9AAI,2025-04-17T02:07:30.000+0000,00572000008d2X9AAI,2025-04-17T02:20:56.000+0000,00572000008d2X9AAI,2025-04-17T02:20:56.000+0000,,1,2020,2020 1,2025-04-17T02:20:56.000+0000,2025-04-17T02:20:56.000+0000,,
0067200000FpxGTAAZ,,0017200000biNYXAA2,,新規案件 - 大日本ワイズ株式会社,,Prospecting,56409,10,5640.900000000001,,2023-12-22,,,,,,Pipeline,Pipeline,,,,00572000008d2X9AAI,2025-04-17T02:07:30.000+0000,00572000008d2X9AAI,2025-04-17T02:20:56.000+0000,00572000008d2X9AAI,2025-04-17T02:20:56.000+0000,,4,2023,2023 4,2025-04-17T02:20:56.000+0000,2025-04-17T02:20:56.000+0000,,
0067200000FpxGUAAZ,,0017200000biNYYAA2,,成約案件 - 株式会社北陣,,Prospecting,72411,10,7241.1,,2020-09-07,,,,,,Pipeline,Pipeline,,,,00572000008d2X9AAI,2025-04-17T02:07:30.000+0000,00572000008d2X9AAI,2025-04-17T02:20:56.000+0000,00572000008d2X9AAI,2025-04-17T02:20:56.000+0000,,3,2020,2020 3,2025-04-17T02:20:56.000+0000,2025-04-17T02:20:56.000+0000,,
0067200000FpxGVAAZ,,0017200000biNYYAA2,,契約案件 - 株式会社北陣,,Prospecting,118854,10,11885.400000000001,,2020-04-02,,,,,,Pipeline,Pipeline,,,,00572000008d2X9AAI,2025-04-17T02:07:30.000+0000,00572000008d2X9AAI,2025-04-17T02:20:56.000+0000,00572000008d2X9AAI,2025-04-17T02:20:56.000+0000,,2,2020,2020 2,2025-04-17T02:20:56.000+0000,2025-04-17T02:20:56.000+0000,,
0067200000FpxGWAAZ,,0017200000biNYYAA2,,契約案件 - 株式会社北陣,,Prospecting,55465,10,5546.5,,2022-10-11,,,,,,Pipeline,Pipeline,,,,00572000008d2X9AAI,2025-04-17T02:07:30.000+0000,00572000008d2X9AAI,2025-04-17T02:20:56.000+0000,00572000008d2X9AAI,2025-04-17T02:20:56.000+0000,,4,2022,2022 4,2025-04-17T02:20:56.000+0000,2025-04-17T02:20:56.000+0000,,
0067200000FpxGXAAZ,,0017200000biNYYAA2,,商談開拓 - 株式会社北陣,,Prospecting,29859,10,2985.9,,2024-07-15,,,,,,Pipeline,Pipeline,,,,00572000008d2X9AAI,2025-04-17T02:07:30.000+0000,00572000008d2X9AAI,2025-04-17T02:20:56.000+0000,00572000008d2X9AAI,2025-04-17T02:20:56.000+0000,,3,2024,2024 3,2025-04-17T02:20:56.000+0000,2025-04-17T02:20:56.000+0000,,
0067200000FpxGYAAZ,,0017200000biNYbAAM,,見込案件 - カントリー通信株式会社,,Prospecting,91611,10,9161.1,,2021-01-04,,,,,,Pipeline,Pipeline,,,,00572000008d2X9AAI,2025-04-17T02:07:30.000+0000,00572000008d2X9AAI,2025-04-17T02:20:56.000+0000,00572000008d2X9AAI,2025-04-17T02:20:56.000+0000,,1,2021,2021 1,2025-04-17T02:20:56.000+0000,2025-04-17T02:20:56.000+0000,,
0067200000FpxGZAAZ,,0017200000biNYbAAM,,新規案件 - カントリー通信株式会社,,Prospecting,20852,10,2085.2000000000003,,2023-01-12,,,,,,Pipeline,Pipeline,,,,00572000008d2X9AAI,2025-04-17T02:07:30.000+0000,00572000008d2X9AAI,2025-04-17T02:20:56.000+0000,00572000008d2X9AAI,2025-04-17T02:20:56.000+0000,,1,2023,2023 1,2025-04-17T02:20:56.000+0000,2025-04-17T02:20:56.000+0000,,
0067200000FpxGaAAJ,,0017200000biNYbAAM,,顧客見込 - カントリー通信株式会社,,Prospecting,17237,10,1723.7,,2022-02-03,,,,,,Pipeline,Pipeline,,,,00572000008d2X9AAI,2025-04-17T02:07:30.000+0000,00572000008d2X9AAI,2025-04-17T02:20:56.000+0000,00572000008d2X9AAI,2025-04-17T02:20:56.000+0000,,1,2022,2022 1,2025-04-17T02:20:56.000+0000,2025-04-17T02:20:56.000+0000,,
0067200000FpxGbAAJ,,0017200000biNYcAAM,,契約見込 - 富士液化ガス株式会社,,Prospecting,20367,10,2036.7,,2023-01-16,,,,,,Pipeline,Pipeline,,,,00572000008d2X9AAI,2025-04-17T02:07:30.000+0000,00572000008d2X9AAI,2025-04-17T02:20:56.000+0000,00572000008d2X9AAI,2025-04-17T02:20:56.000+0000,,1,2023,2023 1,2025-04-17T02:20:56.000+0000,2025-04-17T02:20:56.000+0000,,
0067200000FpxGcAAJ,,0017200000biNYcAAM,,商談開拓 - 富士液化ガス株式会社,,Prospecting,106352,10,10635.2,,2022-12-23,,,,,,Pipeline,Pipeline,,,,00572000008d2X9AAI,2025-04-17T02:07:30.000+0000,00572000008d2X9AAI,2025-04-17T02:20:56.000+0000,00572000008d2X9AAI,2025-04-17T02:20:56.000+0000,,4,2022,2022 4,2025-04-17T02:20:56.000+0000,2025-04-17T02:20:56.000+0000,,
0067200000FpxGdAAJ,,0017200000biNYcAAM,,契約案件 - 富士液化ガス株式会社,,Prospecting,50168,10,5016.8,,2021-08-27,,,,,,Pipeline,Pipeline,,,,00572000008d2X9AAI,2025-04-17T02:07:30.000+0000,00572000008d2X9AAI,2025-04-17T02:20:56.000+0000,00572000008d2X9AAI,2025-04-17T02:20:56.000+0000,,3,2021,2021 3,2025-04-17T02:20:56.000+0000,2025-04-17T02:20:56.000+0000,,
0067200000FpxGeAAJ,,0017200000biNYeAAM,,見込案件 - 渡瀬パイプ株式会社,,Prospecting,75641,10,7564.1,,2022-12-06,,,,,,Pipeline,Pipeline,,,,00572000008d2X9AAI,2025-04-17T02:07:30.000+0000,00572000008d2X9AAI,2025-04-17T02:20:56.000+0000,00572000008d2X9AAI,2025-04-17T02:20:56.000+0000,,4,2022,2022 4,2025-04-17T02:20:56.000+0000,2025-04-17T02:20:56.000+0000,,
0067200000FpxGfAAJ,,0017200000biNYgAAM,,商談開拓 - 江角プラックス株式会社,,Prospecting,8767,10,876.7,,2022-07-18,,,,,,Pipeline,Pipeline,,,,00572000008d2X9AAI,2025-04-17T02:07:30.000+0000,00572000008d2X9AAI,2025-04-17T02:20:56.000+0000,00572000008d2X9AAI,2025-04-17T02:20:56.000+0000,,3,2022,2022 3,2025-04-17T02:20:56.000+0000,2025-04-17T02:20:56.000+0000,,
0067200000FpxGgAAJ,,0017200000biNYgAAM,,新規商談 - 江角プラックス株式会社,,Prospecting,13533,10,1353.3000000000002,,2021-03-14,,,,,,Pipeline,Pipeline,,,,00572000008d2X9AAI,2025-04-17T02:07:30.000+0000,00572000008d2X9AAI,2025-04-17T02:20:56.000+0000,00572000008d2X9AAI,2025-04-17T02:20:56.000+0000,,1,2021,2021 1,2025-04-17T02:20:56.000+0000,2025-04-17T02:20:56.000+0000,,
0067200000FpxGhAAJ,,0017200000biNYhAAM,,成約案件 - 日本マクトロン株式会社,,Prospecting,62600,10,6260,,2021-06-25,,,,,,Pipeline,Pipeline,,,,00572000008d2X9AAI,2025-04-17T02:07:30.000+0000,00572000008d2X9AAI,2025-04-17T02:20:56.000+0000,00572000008d2X9AAI,2025-04-17T02:20:56.000+0000,,2,2021,2021 2,2025-04-17T02:20:56.000+0000,2025-04-17T02:20:56.000+0000,,
0067200000FpxGiAAJ,,0017200000biNZTAA2,,契約見込 - 株式会社月光堂,,Prospecting,83469,10,8346.9,,2022-07-12,,,,,,Pipeline,Pipeline,,,,00572000008d2X9AAI,2025-04-17T02:07:30.000+0000,00572000008d2X9AAI,2025-04-17T02:20:56.000+0000,00572000008d2X9AAI,2025-04-17T02:20:56.000+0000,,3,2022,2022 3,2025-04-17T02:20:56.000+0000,2025-04-17T02:20:56.000+0000,,
0067200000FpxbhAAB,,0017200000biNZTAA2,,商談開拓 - 株式会社月光堂,,Prospecting,78873,10,7887.3,,2022-11-14,,,,,,Pipeline,Pipeline,,,,00572000008d2X9AAI,2025-04-17T02:07:30.000+0000,00572000008d2X9AAI,2025-04-17T02:20:56.000+0000,00572000008d2X9AAI,2025-04-17T02:20:56.000+0000,,4,2022,2022 4,2025-04-17T02:20:56.000+0000,2025-04-17T02:20:56.000+0000,,
0067200000FpxbiAAB,,0017200000biNZUAA2,,成約案件 - 株式会社佐田工業,,Prospecting,88022,10,8802.2,,2023-07-26,,,,,,Pipeline,Pipeline,,,,00572000008d2X9AAI,2025-04-17T02:07:30.000+0000,00572000008d2X9AAI,2025-04-17T02:20:56.000+0000,00572000008d2X9AAI,2025-04-17T02:20:56.000+0000,,3,2023,2023 3,2025-04-17T02:20:56.000+0000,2025-04-17T02:20:56.000+0000,,
0067200000FpxbjAAB,,0017200000biNZUAA2,,見込案件 - 株式会社佐田工業,,Prospecting,53524,10,5352.400000000001,,2023-12-22,,,,,,Pipeline,Pipeline,,,,00572000008d2X9AAI,2025-04-17T02:07:30.000+0000,00572000008d2X9AAI,2025-04-17T02:20:56.000+0000,00572000008d2X9AAI,2025-04-17T02:20:56.000+0000,,4,2023,2023 4,2025-04-17T02:20:56.000+0000,2025-04-17T02:20:56.000+0000,,
0067200000FpxbkAAB,,0017200000biNZUAA2,,顧客見込 - 株式会社佐田工業,,Prospecting,40961,10,4096.1,,2022-08-15,,,,,,Pipeline,Pipeline,,,,00572000008d2X9AAI,2025-04-17T02:07:30.000+0000,00572000008d2X9AAI,2025-04-17T02:20:56.000+0000,00572000008d2X9AAI,2025-04-17T02:20:56.000+0000,,3,2022,2022 3,2025-04-17T02:20:56.000+0000,2025-04-17T02:20:56.000+0000,,
0067200000FpxblAAB,,0017200000biNZUAA2,,商談開拓 - 株式会社佐田工業,,Prospecting,3509,10,350.90000000000003,,2020-10-11,,,,,,Pipeline,Pipeline,,,,00572000008d2X9AAI,2025-04-17T02:07:30.000+0000,00572000008d2X9AAI,2025-04-17T02:20:56.000+0000,00572000008d2X9AAI,2025-04-17T02:20:56.000+0000,,4,2020,2020 4,2025-04-17T02:20:56.000+0000,2025-04-17T02:20:56.000+0000,,
0067200000FpxbmAAB,,0017200000biNZVAA2,,新規商談 - 株式会社四川商会222,,Prospecting,13851,10,1385.1000000000001,,2023-12-07,,,,,,Pipeline,Pipeline,,,,00572000008d2X9AAI,2025-04-17T02:07:30.000+0000,00572000008d2X9AAI,2025-04-17T02:20:56.000+0000,00572000008d2X9AAI,2025-04-17T02:20:56.000+0000,,4,2023,2023 4,2025-04-17T02:20:56.000+0000,2025-04-17T02:20:56.000+0000,,
0067200000FpxbnAAB,,0017200000biNZWAA2,,商談開拓 - 江角輸送機株式会社,,Prospecting,83029,10,8302.9,,2024-08-09,,,,,,Pipeline,Pipeline,,,,00572000008d2X9AAI,2025-04-17T02:07:30.000+0000,00572000008d2X9AAI,2025-04-17T02:20:56.000+0000,00572000008d2X9AAI,2025-04-17T02:20:56.000+0000,,3,2024,2024 3,2025-04-17T02:20:56.000+0000,2025-04-17T02:20:56.000+0000,,
0067200000FpxboAAB,,0017200000biNZWAA2,,契約案件 - 江角輸送機株式会社,,Prospecting,36328,10,3632.8,,2025-07-26,,,,,,Pipeline,Pipeline,,,,00572000008d2X9AAI,2025-04-17T02:07:30.000+0000,00572000008d2X9AAI,2025-04-17T02:20:56.000+0000,00572000008d2X9AAI,2025-04-17T02:20:56.000+0000,,3,2025,2025 3,2025-04-17T02:20:56.000+0000,2025-04-17T02:20:56.000+0000,,
0067200000FpxbpAAB,,0017200000biNZWAA2,,新規商談 - 江角輸送機株式会社,,Prospecting,30350,10,3035,,2025-09-05,,,,,,Pipeline,Pipeline,,,,00572000008d2X9AAI,2025-04-17T02:07:30.000+0000,00572000008d2X9AAI,2025-04-17T02:20:56.000+0000,00572000008d2X9AAI,2025-04-17T02:20:56.000+0000,,3,2025,2025 3,2025-04-17T02:20:56.000+0000,2025-04-17T02:20:56.000+0000,,
0067200000FpxbqAAB,,0017200000biNZWAA2,,見込案件 - 江角輸送機株式会社,,Prospecting,71006,10,7100.6,,2020-12-29,,,,,,Pipeline,Pipeline,,,,00572000008d2X9AAI,2025-04-17T02:07:30.000+0000,00572000008d2X9AAI,2025-04-17T02:20:56.000+0000,00572000008d2X9AAI,2025-04-17T02:20:56.000+0000,,4,2020,2020 4,2025-04-17T02:20:56.000+0000,2025-04-17T02:20:56.000+0000,,
0067200000FpxbrAAB,,0017200000biNZXAA2,,成約案件 - 日本デトロイト・インスルメント株式会社,,Prospecting,62128,10,6212.8,,2025-12-09,,,,,,Pipeline,Pipeline,,,,00572000008d2X9AAI,2025-04-17T02:07:30.000+0000,00572000008d2X9AAI,2025-04-17T02:20:56.000+0000,00572000008d2X9AAI,2025-04-17T02:20:56.000+0000,,4,2025,2025 4,2025-04-17T02:20:56.000+0000,2025-04-17T02:20:56.000+0000,,
0067200000FpxbsAAB,,0017200000biNZXAA2,,契約案件 - 日本デトロイト・インスルメント株式会社,,Prospecting,87534,10,8753.4,,2021-08-29,,,,,,Pipeline,Pipeline,,,,00572000008d2X9AAI,2025-04-17T02:07:30.000+0000,00572000008d2X9AAI,2025-04-17T02:20:56.000+0000,00572000008d2X9AAI,2025-04-17T02:20:56.000+0000,,3,2021,2021 3,2025-04-17T02:20:56.000+0000,2025-04-17T02:20:56.000+0000,,
0067200000FpxbtAAB,,0017200000biNZXAA2,,契約見込 - 日本デトロイト・インスルメント株式会社,,Prospecting,4541,10,454.1,,2023-02-05,,,,,,Pipeline,Pipeline,,,,00572000008d2X9AAI,2025-04-17T02:07:30.000+0000,00572000008d2X9AAI,2025-04-17T02:20:56.000+0000,00572000008d2X9AAI,2025-04-17T02:20:56.000+0000,,1,2023,2023 1,2025-04-17T02:20:56.000+0000,2025-04-17T02:20:56.000+0000,,
0067200000FpxbuAAB,,0017200000biNZXAA2,,新規商談 - 日本デトロイト・インスルメント株式会社,,Prospecting,36128,10,3612.8,,2023-04-04,,,,,,Pipeline,Pipeline,,,,00572000008d2X9AAI,2025-04-17T02:07:30.000+0000,00572000008d2X9AAI,2025-04-17T02:20:56.000+0000,00572000008d2X9AAI,2025-04-17T02:20:56.000+0000,,2,2023,2023 2,2025-04-17T02:20:56.000+0000,2025-04-17T02:20:56.000+0000,,
0067200000FpxbvAAB,,0017200000biNZ9AAM,,新規商談 - 株式会社レーヨンクリカー,,Prospecting,64664,10,6466.400000000001,,2022-08-07,,,,,,Pipeline,Pipeline,,,,00572000008d2X9AAI,2025-04-17T02:07:30.000+0000,00572000008d2X9AAI,2025-04-17T02:20:56.000+0000,00572000008d2X9AAI,2025-04-17T02:20:56.000+0000,,3,2022,2022 3,2025-04-17T02:20:56.000+0000,2025-04-17T02:20:56.000+0000,,
0067200000FpxbwAAB,,0017200000biNZ9AAM,,顧客見込 - 株式会社レーヨンクリカー,,Prospecting,77253,10,7725.3,,2022-09-17,,,,,,Pipeline,Pipeline,,,,00572000008d2X9AAI,2025-04-17T02:07:30.000+0000,00572000008d2X9AAI,2025-04-17T02:20:56.000+0000,00572000008d2X9AAI,2025-04-17T02:20:56.000+0000,,3,2022,2022 3,2025-04-17T02:20:56.000+0000,2025-04-17T02:20:56.000+0000,,
0067200000FpxbxAAB,,0017200000biNZAAA2,,契約案件 - 後藤田建築事務所株式会社,,Prospecting,9318,10,931.8000000000001,,2022-09-16,,,,,,Pipeline,Pipeline,,,,00572000008d2X9AAI,2025-04-17T02:07:30.000+0000,00572000008d2X9AAI,2025-04-17T02:20:56.000+0000,00572000008d2X9AAI,2025-04-17T02:20:56.000+0000,,3,2022,2022 3,2025-04-17T02:20:56.000+0000,2025-04-17T02:20:56.000+0000,,
0067200000FpxbyAAB,,0017200000biNZAAA2,,契約案件 - 後藤田建築事務所株式会社,,Prospecting,30328,10,3032.8,,2020-11-06,,,,,,Pipeline,Pipeline,,,,00572000008d2X9AAI,2025-04-17T02:07:30.000+0000,00572000008d2X9AAI,2025-04-17T02:20:56.000+0000,00572000008d2X9AAI,2025-04-17T02:20:56.000+0000,,4,2020,2020 4,2025-04-17T02:20:56.000+0000,2025-04-17T02:20:56.000+0000,,
0067200000FpxbzAAB,,0017200000biNZBAA2,,契約案件 - 三谷プラスチックス株式会社,,Prospecting,61993,10,6199.3,,2022-02-15,,,,,,Pipeline,Pipeline,,,,00572000008d2X9AAI,2025-04-17T02:07:30.000+0000,00572000008d2X9AAI,2025-04-17T02:20:56.000+0000,00572000008d2X9AAI,2025-04-17T02:20:56.000+0000,,1,2022,2022 1,2025-04-17T02:20:56.000+0000,2025-04-17T02:20:56.000+0000,,
0067200000Fpxc0AAB,,0017200000biNZBAA2,,新規案件 - 三谷プラスチックス株式会社,,Prospecting,61863,10,6186.3,,2020-02-23,,,,,,Pipeline,Pipeline,,,,00572000008d2X9AAI,2025-04-17T02:07:30.000+0000,00572000008d2X9AAI,2025-04-17T02:20:56.000+0000,00572000008d2X9AAI,2025-04-17T02:20:56.000+0000,,1,2020,2020 1,2025-04-17T02:20:56.000+0000,2025-04-17T02:20:56.000+0000,,
0067200000Fpxc1AAB,,0017200000biNZBAA2,,商談開拓 - 三谷プラスチックス株式会社,,Prospecting,74745,10,7474.5,,2020-07-11,,,,,,Pipeline,Pipeline,,,,00572000008d2X9AAI,2025-04-17T02:07:30.000+0000,00572000008d2X9AAI,2025-04-17T02:20:56.000+0000,00572000008d2X9AAI,2025-04-17T02:20:56.000+0000,,3,2020,2020 3,2025-04-17T02:20:56.000+0000,2025-04-17T02:20:56.000+0000,,
0067200000Fpxc2AAB,,0017200000biNZCAA2,,成約案件 - 太西通商株式会社,,Prospecting,37502,10,3750.2000000000003,,2021-09-01,,,,,,Pipeline,Pipeline,,,,00572000008d2X9AAI,2025-04-17T02:07:30.000+0000,00572000008d2X9AAI,2025-04-17T02:20:56.000+0000,00572000008d2X9AAI,2025-04-17T02:20:56.000+0000,,3,2021,2021 3,2025-04-17T02:20:56.000+0000,2025-04-17T02:20:56.000+0000,,
0067200000Fpxc3AAB,,0017200000biNZCAA2,,商談開拓 - 太西通商株式会社,,Prospecting,41790,10,4179,,2023-10-16,,,,,,Pipeline,Pipeline,,,,00572000008d2X9AAI,2025-04-17T02:07:30.000+0000,00572000008d2X9AAI,2025-04-17T02:20:56.000+0000,00572000008d2X9AAI,2025-04-17T02:20:56.000+0000,,4,2023,2023 4,2025-04-17T02:20:56.000+0000,2025-04-17T02:20:56.000+0000,,
0067200000Fpxc4AAB,,0017200000biNZDAA2,,契約見込 - 木村田ゼミナール株式会社,,Prospecting,8804,10,880.4000000000001,,2021-07-29,,,,,,Pipeline,Pipeline,,,,00572000008d2X9AAI,2025-04-17T02:07:30.000+0000,00572000008d2X9AAI,2025-04-17T02:20:56.000+0000,00572000008d2X9AAI,2025-04-17T02:20:56.000+0000,,3,2021,2021 3,2025-04-17T02:20:56.000+0000,2025-04-17T02:20:56.000+0000,,
0067200000Fpxc5AAB,,0017200000biNZEAA2,,見込案件 - 古樹産業株式会社,,Prospecting,23242,10,2324.2000000000003,,2020-05-18,,,,,,Pipeline,Pipeline,,,,00572000008d2X9AAI,2025-04-17T02:07:30.000+0000,00572000008d2X9AAI,2025-04-17T02:20:56.000+0000,00572000008d2X9AAI,2025-04-17T02:20:56.000+0000,,2,2020,2020 2,2025-04-17T02:20:56.000+0000,2025-04-17T02:20:56.000+0000,,
0067200000Fpxc6AAB,,0017200000biNZEAA2,,契約見込 - 古樹産業株式会社,,Prospecting,32604,10,3260.4,,2023-08-05,,,,,,Pipeline,Pipeline,,,,00572000008d2X9AAI,2025-04-17T02:07:30.000+0000,00572000008d2X9AAI,2025-04-17T02:20:56.000+0000,00572000008d2X9AAI,2025-04-17T02:20:56.000+0000,,3,2023,2023 3,2025-04-17T02:20:56.000+0000,2025-04-17T02:20:56.000+0000,,
0067200000Fpxc7AAB,,0017200000biNZEAA2,,契約見込 - 古樹産業株式会社,,Prospecting,44191,10,4419.1,,2024-02-11,,,,,,Pipeline,Pipeline,,,,00572000008d2X9AAI,2025-04-17T02:07:30.000+0000,00572000008d2X9AAI,2025-04-17T02:20:56.000+0000,00572000008d2X9AAI,2025-04-17T02:20:56.000+0000,,1,2024,2024 1,2025-04-17T02:20:56.000+0000,2025-04-17T02:20:56.000+0000,,
0067200000Fpxc8AAB,,0017200000biNZEAA2,,新規商談 - 古樹産業株式会社,,Prospecting,37714,10,3771.4,,2020-05-20,,,,,,Pipeline,Pipeline,,,,00572000008d2X9AAI,2025-04-17T02:07:30.000+0000,00572000008d2X9AAI,2025-04-17T02:20:56.000+0000,00572000008d2X9AAI,2025-04-17T02:20:56.000+0000,,2,2020,2020 2,2025-04-17T02:20:56.000+0000,2025-04-17T02:20:56.000+0000,,
0067200000Fpxc9AAB,,0017200000biNZFAA2,,契約見込 - 大坂貿易株式会社,,Prospecting,108414,10,10841.400000000001,,2023-06-14,,,,,,Pipeline,Pipeline,,,,00572000008d2X9AAI,2025-04-17T02:07:30.000+0000,00572000008d2X9AAI,2025-04-17T02:20:56.000+0000,00572000008d2X9AAI,2025-04-17T02:20:56.000+0000,,2,2023,2023 2,2025-04-17T02:20:56.000+0000,2025-04-17T02:20:56.000+0000,,
0067200000FpxcAAAR,,0017200000biNZGAA2,,顧客見込 - Sample Account for Entitlements,,Prospecting,73775,10,7377.5,,2020-11-25,,,,,,Pipeline,Pipeline,,,,00572000008d2X9AAI,2025-04-17T02:07:30.000+0000,00572000008d2X9AAI,2025-04-17T02:20:56.000+0000,00572000008d2X9AAI,2025-04-17T02:20:56.000+0000,,4,2020,2020 4,2025-04-17T02:20:56.000+0000,2025-04-17T02:20:56.000+0000,,
0067200000FpxcBAAR,,0017200000biNZGAA2,,契約見込 - Sample Account for Entitlements,,Prospecting,26116,10,2611.6000000000004,,2023-08-24,,,,,,Pipeline,Pipeline,,,,00572000008d2X9AAI,2025-04-17T02:07:30.000+0000,00572000008d2X9AAI,2025-04-17T02:20:56.000+0000,00572000008d2X9AAI,2025-04-17T02:20:56.000+0000,,3,2023,2023 3,2025-04-17T02:20:56.000+0000,2025-04-17T02:20:56.000+0000,,
0067200000FpxcCAAR,,0017200000biNZGAA2,,見込案件 - Sample Account for Entitlements,,Prospecting,42539,10,4253.900000000001,,2024-06-11,,,,,,Pipeline,Pipeline,,,,00572000008d2X9AAI,2025-04-17T02:07:30.000+0000,00572000008d2X9AAI,2025-04-17T02:20:56.000+0000,00572000008d2X9AAI,2025-04-17T02:20:56.000+0000,,2,2024,2024 2,2025-04-17T02:20:56.000+0000,2025-04-17T02:20:56.000+0000,,
0067200000FpxcDAAR,,0017200000biNZHAA2,,契約案件 - 株式会社ヨグチ,,Prospecting,911,10,91.10000000000001,,2024-03-27,,,,,,Pipeline,Pipeline,,,,00572000008d2X9AAI,2025-04-17T02:07:30.000+0000,00572000008d2X9AAI,2025-04-17T02:20:56.000+0000,00572000008d2X9AAI,2025-04-17T02:20:56.000+0000,,1,2024,2024 1,2025-04-17T02:20:56.000+0000,2025-04-17T02:20:56.000+0000,,
0067200000FpxcEAAR,,0017200000biNZHAA2,,見込案件 - 株式会社ヨグチ,,Prospecting,24901,10,2490.1000000000004,,2020-04-03,,,,,,Pipeline,Pipeline,,,,00572000008d2X9AAI,2025-04-17T02:07:30.000+0000,00572000008d2X9AAI,2025-04-17T02:20:56.000+0000,00572000008d2X9AAI,2025-04-17T02:20:56.000+0000,,2,2020,2020 2,2025-04-17T02:20:56.000+0000,2025-04-17T02:20:56.000+0000,,
0067200000FpxcFAAR,,0017200000biNZHAA2,,顧客見込 - 株式会社ヨグチ,,Prospecting,90490,10,9049,,2023-04-11,,,,,,Pipeline,Pipeline,,,,00572000008d2X9AAI,2025-04-17T02:07:30.000+0000,00572000008d2X9AAI,2025-04-17T02:20:56.000+0000,00572000008d2X9AAI,2025-04-17T02:20:56.000+0000,,2,2023,2023 2,2025-04-17T02:20:56.000+0000,2025-04-17T02:20:56.000+0000,,
0067200000FpxcGAAR,,0017200000biNZHAA2,,商談開拓 - 株式会社ヨグチ,,Prospecting,64045,10,6404.5,,2024-12-24,,,,,,Pipeline,Pipeline,,,,00572000008d2X9AAI,2025-04-17T02:07:30.000+0000,00572000008d2X9AAI,2025-04-17T02:20:56.000+0000,00572000008d2X9AAI,2025-04-17T02:20:56.000+0000,,4,2024,2024 4,2025-04-17T02:20:56.000+0000,2025-04-17T02:20:56.000+0000,,
0067200000FpxcHAAR,,0017200000biNZJAA2,,顧客見込 - 平成トレーダー株式会社,,Prospecting,25271,10,2527.1000000000004,,2025-04-13,,,,,,Pipeline,Pipeline,,,,00572000008d2X9AAI,2025-04-17T02:07:30.000+0000,00572000008d2X9AAI,2025-04-17T02:20:56.000+0000,00572000008d2X9AAI,2025-04-17T02:20:56.000+0000,,2,2025,2025 2,2025-04-17T02:20:56.000+0000,2025-04-17T02:20:56.000+0000,,
0067200000FpxcIAAR,,0017200000biNZJAA2,,新規案件 - 平成トレーダー株式会社,,Prospecting,23418,10,2341.8,,2022-07-22,,,,,,Pipeline,Pipeline,,,,00572000008d2X9AAI,2025-04-17T02:07:30.000+0000,00572000008d2X9AAI,2025-04-17T02:20:56.000+0000,00572000008d2X9AAI,2025-04-17T02:20:56.000+0000,,3,2022,2022 3,2025-04-17T02:20:56.000+0000,2025-04-17T02:20:56.000+0000,,
0067200000FpxcJAAR,,0017200000biNZJAA2,,新規商談 - 平成トレーダー株式会社,,Prospecting,63986,10,6398.6,,2020-11-10,,,,,,Pipeline,Pipeline,,,,00572000008d2X9AAI,2025-04-17T02:07:30.000+0000,00572000008d2X9AAI,2025-04-17T02:20:56.000+0000,00572000008d2X9AAI,2025-04-17T02:20:56.000+0000,,4,2020,2020 4,2025-04-17T02:20:56.000+0000,2025-04-17T02:20:56.000+0000,,
0067200000FpxcKAAR,,0017200000biNZKAA2,,契約見込 - 大帝国商事株式会社,,Prospecting,45714,10,4571.400000000001,,2023-02-04,,,,,,Pipeline,Pipeline,,,,00572000008d2X9AAI,2025-04-17T02:07:30.000+0000,00572000008d2X9AAI,2025-04-17T02:20:56.000+0000,00572000008d2X9AAI,2025-04-17T02:20:56.000+0000,,1,2023,2023 1,2025-04-17T02:20:56.000+0000,2025-04-17T02:20:56.000+0000,,
0067200000FpxcLAAR,,0017200000biNZKAA2,,新規商談 - 大帝国商事株式会社,,Prospecting,8818,10,881.8000000000001,,2023-04-06,,,,,,Pipeline,Pipeline,,,,00572000008d2X9AAI,2025-04-17T02:07:30.000+0000,00572000008d2X9AAI,2025-04-17T02:20:56.000+0000,00572000008d2X9AAI,2025-04-17T02:20:56.000+0000,,2,2023,2023 2,2025-04-17T02:20:56.000+0000,2025-04-17T02:20:56.000+0000,,
0067200000FpxcMAAR,,0017200000biNZKAA2,,成約案件 - 大帝国商事株式会社,,Prospecting,51281,10,5128.1,,2020-03-04,,,,,,Pipeline,Pipeline,,,,00572000008d2X9AAI,2025-04-17T02:07:30.000+0000,00572000008d2X9AAI,2025-04-17T02:20:56.000+0000,00572000008d2X9AAI,2025-04-17T02:20:56.000+0000,,1,2020,2020 1,2025-04-17T02:20:56.000+0000,2025-04-17T02:20:56.000+0000,,
0067200000FpxcNAAR,,0017200000biNZKAA2,,契約見込 - 大帝国商事株式会社,,Prospecting,43005,10,4300.5,,2022-03-09,,,,,,Pipeline,Pipeline,,,,00572000008d2X9AAI,2025-04-17T02:07:30.000+0000,00572000008d2X9AAI,2025-04-17T02:20:56.000+0000,00572000008d2X9AAI,2025-04-17T02:20:56.000+0000,,1,2022,2022 1,2025-04-17T02:20:56.000+0000,2025-04-17T02:20:56.000+0000,,
0067200000FpxcOAAR,,0017200000biNZNAA2,,顧客見込 - 丸田無線電機株式会社,,Prospecting,52672,10,5267.200000000001,,2023-05-11,,,,,,Pipeline,Pipeline,,,,00572000008d2X9AAI,2025-04-17T02:07:30.000+0000,00572000008d2X9AAI,2025-04-17T02:20:56.000+0000,00572000008d2X9AAI,2025-04-17T02:20:56.000+0000,,2,2023,2023 2,2025-04-17T02:20:56.000+0000,2025-04-17T02:20:56.000+0000,,
0067200000FpxcPAAR,,0017200000biNZPAA2,,見込案件 - イビン産業（株）,,Prospecting,56649,10,5664.900000000001,,2022-11-09,,,,,,Pipeline,Pipeline,,,,00572000008d2X9AAI,2025-04-17T02:07:30.000+0000,00572000008d2X9AAI,2025-04-17T02:20:56.000+0000,00572000008d2X9AAI,2025-04-17T02:20:56.000+0000,,4,2022,2022 4,2025-04-17T02:20:56.000+0000,2025-04-17T02:20:56.000+0000,,
0067200000FpxcQAAR,,0017200000biNZPAA2,,新規商談 - イビン産業（株）,,Prospecting,85910,10,8591,,2025-04-20,,,,,,Pipeline,Pipeline,,,,00572000008d2X9AAI,2025-04-17T02:07:30.000+0000,00572000008d2X9AAI,2025-04-17T02:20:56.000+0000,00572000008d2X9AAI,2025-04-17T02:20:56.000+0000,,2,2025,2025 2,2025-04-17T02:20:56.000+0000,2025-04-17T02:20:56.000+0000,,
0067200000FpxcRAAR,,0017200000biNZPAA2,,契約案件 - イビン産業（株）,,Prospecting,669,10,66.9,,2022-08-04,,,,,,Pipeline,Pipeline,,,,00572000008d2X9AAI,2025-04-17T02:07:30.000+0000,00572000008d2X9AAI,2025-04-17T02:20:56.000+0000,00572000008d2X9AAI,2025-04-17T02:20:56.000+0000,,3,2022,2022 3,2025-04-17T02:20:56.000+0000,2025-04-17T02:20:56.000+0000,,
0067200000FpxcSAAR,,0017200000biNZQAA2,,契約案件 - 曙橋産業株式会社,,Prospecting,40210,10,4021,,2023-02-24,,,,,,Pipeline,Pipeline,,,,00572000008d2X9AAI,2025-04-17T02:07:30.000+0000,00572000008d2X9AAI,2025-04-17T02:20:56.000+0000,00572000008d2X9AAI,2025-04-17T02:20:56.000+0000,,1,2023,2023 1,2025-04-17T02:20:56.000+0000,2025-04-17T02:20:56.000+0000,,
0067200000FpxcTAAR,,0017200000biNZRAA2,,契約見込 - 株式会社萌商会,,Prospecting,55024,10,5502.400000000001,,2025-03-12,,,,,,Pipeline,Pipeline,,,,00572000008d2X9AAI,2025-04-17T02:07:30.000+0000,00572000008d2X9AAI,2025-04-17T02:20:56.000+0000,00572000008d2X9AAI,2025-04-17T02:20:56.000+0000,,1,2025,2025 1,2025-04-17T02:20:56.000+0000,2025-04-17T02:20:56.000+0000,,
0067200000FpxcUAAR,,0017200000biNZRAA2,,新規案件 - 株式会社萌商会,,Prospecting,74866,10,7486.6,,2022-08-19,,,,,,Pipeline,Pipeline,,,,00572000008d2X9AAI,2025-04-17T02:07:30.000+0000,00572000008d2X9AAI,2025-04-17T02:20:56.000+0000,00572000008d2X9AAI,2025-04-17T02:20:56.000+0000,,3,2022,2022 3,2025-04-17T02:20:56.000+0000,2025-04-17T02:20:56.000+0000,,
0067200000FpxcVAAR,,0017200000biNZRAA2,,成約案件 - 株式会社萌商会,,Prospecting,9491,10,949.1,,2024-02-28,,,,,,Pipeline,Pipeline,,,,00572000008d2X9AAI,2025-04-17T02:07:30.000+0000,00572000008d2X9AAI,2025-04-17T02:20:56.000+0000,00572000008d2X9AAI,2025-04-17T02:20:56.000+0000,,1,2024,2024 1,2025-04-17T02:20:56.000+0000,2025-04-17T02:20:56.000+0000,,
0067200000FpxcWAAR,,0017200000biNZSAA2,,成約案件 - 株式会社ステンレスセンター,,Prospecting,37949,10,3794.9,,2020-03-29,,,,,,Pipeline,Pipeline,,,,00572000008d2X9AAI,2025-04-17T02:07:30.000+0000,00572000008d2X9AAI,2025-04-17T02:20:56.000+0000,00572000008d2X9AAI,2025-04-17T02:20:56.000+0000,,1,2020,2020 1,2025-04-17T02:20:56.000+0000,2025-04-17T02:20:56.000+0000,,
0067200000FpxcXAAR,,0017200000biNZSAA2,,新規商談 - 株式会社ステンレスセンター,,Prospecting,31596,10,3159.6000000000004,,2022-02-23,,,,,,Pipeline,Pipeline,,,,00572000008d2X9AAI,2025-04-17T02:07:30.000+0000,00572000008d2X9AAI,2025-04-17T02:20:56.000+0000,00572000008d2X9AAI,2025-04-17T02:20:56.000+0000,,1,2022,2022 1,2025-04-17T02:20:56.000+0000,2025-04-17T02:20:56.000+0000,,
0067200000FpxcYAAR,,0017200000biNZSAA2,,顧客見込 - 株式会社ステンレスセンター,,Prospecting,29491,10,2949.1000000000004,,2020-10-13,,,,,,Pipeline,Pipeline,,,,00572000008d2X9AAI,2025-04-17T02:07:30.000+0000,00572000008d2X9AAI,2025-04-17T02:20:56.000+0000,00572000008d2X9AAI,2025-04-17T02:20:56.000+0000,,4,2020,2020 4,2025-04-17T02:20:56.000+0000,2025-04-17T02:20:56.000+0000,,
0067200000FpxcZAAR,,0017200000biNZTAA2,,新規商談 - 株式会社月光堂,,Prospecting,2050,10,205,,2022-07-28,,,,,,Pipeline,Pipeline,,,,00572000008d2X9AAI,2025-04-17T02:07:30.000+0000,00572000008d2X9AAI,2025-04-17T02:20:56.000+0000,00572000008d2X9AAI,2025-04-17T02:20:56.000+0000,,3,2022,2022 3,2025-04-17T02:20:56.000+0000,2025-04-17T02:20:56.000+0000,,
0067200000FpxcaAAB,,0017200000biNZTAA2,,契約見込 - 株式会社月光堂,,Prospecting,56676,10,5667.6,,2022-08-14,,,,,,Pipeline,Pipeline,,,,00572000008d2X9AAI,2025-04-17T02:07:30.000+0000,00572000008d2X9AAI,2025-04-17T02:20:56.000+0000,00572000008d2X9AAI,2025-04-17T02:20:56.000+0000,,3,2022,2022 3,2025-04-17T02:20:56.000+0000,2025-04-17T02:20:56.000+0000,,
